{
  "version": 1,
  "author": "Diego Zanella",
  "editor": "wokwi",
  "parts": [
    {
      "type": "wokwi-esp32-devkit-v1",
      "id": "esp",
      "top": 20.45,
      "left": -179.12,
      "attrs": { "env": "micropython-20230426-v1.20.0" }
    },
    {
      "type": "wokwi-led",
      "id": "led1",
      "top": 12.16,
      "left": 174.23,
      "attrs": { "color": "red" }
    },
    {
      "type": "wokwi-resistor",
      "id": "r1",
      "top": 114.92,
      "left": 35.71,
      "attrs": { "value": "1000" }
    },
    {
      "type": "wokwi-led",
      "id": "led2",
      "top": 12.16,
      "left": 137.29,
      "attrs": { "color": "yellow" }
    },
    {
      "type": "wokwi-led",
      "id": "led3",
      "top": 10.39,
      "left": 99.65,
      "attrs": { "color": "green" }
    },
    {
      "type": "wokwi-resistor",
      "id": "r2",
      "top": 71.4,
      "left": 34.43,
      "attrs": { "value": "1000" }
    },
    {
      "type": "wokwi-resistor",
      "id": "r3",
      "top": 92.89,
      "left": 36.11,
      "attrs": { "value": "1000" }
    }
  ],
  "connections": [
    [ "esp:TX0", "$serialMonitor:RX", "", [] ],
    [ "esp:RX0", "$serialMonitor:TX", "", [] ],
    [ "led1:A", "r1:2", "green", [ "v0" ] ],
    [ "esp:D26", "r1:1", "green", [ "h0" ] ],
    [ "led1:C", "esp:GND.2", "green", [ "v0" ] ],
    [ "led3:A", "r2:2", "green", [ "v0" ] ],
    [ "led2:A", "r3:2", "green", [ "v0" ] ],
    [ "r3:1", "esp:D25", "green", [ "v0" ] ],
    [ "r2:1", "esp:D33", "green", [ "v0" ] ],
    [ "led3:C", "esp:GND.2", "green", [ "v0" ] ],
    [ "led2:C", "esp:GND.2", "green", [ "v0" ] ]
  ],
  "dependencies": {}
}