{
  "version": 1,
  "author": "Uri Shaked",
  "editor": "wokwi",
  "parts": [
    { "type": "wokwi-esp32-devkit-v1", "id": "esp", "top": -37.58, "left": -96.37, "attrs": {} },
    {
      "type": "wokwi-resistor",
      "id": "r1",
      "top": 60.88,
      "left": 96.13,
      "attrs": { "value": "1000" }
    },
    {
      "type": "wokwi-led",
      "id": "led1",
      "top": -11.73,
      "left": 92.6,
      "attrs": { "color": "red" }
    },
    {
      "type": "wokwi-pushbutton",
      "id": "btn1",
      "top": -10.81,
      "left": 177.96,
      "attrs": { "color": "green" }
    }
  ],
  "connections": [
    [ "esp:TX0", "$serialMonitor:RX", "", [] ],
    [ "esp:RX0", "$serialMonitor:TX", "", [] ],
    [ "r1:1", "esp:D2", "green", [ "v0" ] ],
    [ "led1:A", "r1:2", "green", [ "v0" ] ],
    [ "led1:C", "esp:GND.1", "green", [ "v0" ] ],
    [ "btn1:2.r", "esp:D4", "green", [ "h0" ] ],
    [ "btn1:1.l", "esp:GND.1", "green", [ "h0" ] ],
    [ "btn1:1.r", "esp:GND.1", "green", [ "v0" ] ]
  ],
  "dependencies": {}
}